name, simmilarity
spacecadet000,0.02564102564102564
mcavengers,0.02564102564102564
Tslauce,0.05263157894736842
erkkix,0.02564102564102564
SimulatedNeon,0.02564102564102564
bimbari,0.02564102564102564
P_Clementine,0.02564102564102564
funkeegibbon,0.02564102564102564
imcamille,0.05263157894736842
carlossilvak52,0.02564102564102564
alligator27,0.02564102564102564
Arashio,0.02564102564102564
Ubuungs,0.02564102564102564
antoniovecchio,0.02564102564102564
Vinicius_Oli,0.02564102564102564
tiofos,0.02564102564102564
AnaRitaAR,0.05263157894736842
Gersonn1000,0.02564102564102564
iEslam,0.02564102564102564
lemenede,0.02564102564102564
braydenmclellan,0.02564102564102564
irishhairball,0.02564102564102564
lifesabummer,0.02564102564102564
olafan,0.02564102564102564
Rodrigo_1251,0.05263157894736842
Morichee,0.02564102564102564
akrde,0.02564102564102564
PubParisPorn,0.05263157894736842
ariefash,0.02564102564102564
sdenholm45,0.02564102564102564
Daydreamishly,0.05263157894736842
Alcyona,0.02564102564102564
Christoffer_Rob,0.02564102564102564
Badabes,0.02564102564102564
danbarte,0.02564102564102564
RandomGuyDom,0.02564102564102564
E_r_v_i_n,0.02564102564102564
BasementBrother,0.02564102564102564
howtodisappearr,0.02564102564102564
kiteschaser,0.02564102564102564
marvellsoul,0.02564102564102564
anouk_88,0.02564102564102564
Pachepache,0.02564102564102564
gord68,0.02564102564102564
WolfCosmic,0.02564102564102564
YingjieHuang,0.02564102564102564
oooon,0.02564102564102564
yagaminatan,0.02564102564102564
c0rdell,0.02564102564102564
wojtek-ww,0.02564102564102564
niksooon,0.08108108108108109
radioroomy,0.02564102564102564
Robbiebob2,0.02564102564102564
melvinationz,0.14285714285714285
Bidarsaeed,0.02564102564102564
juanjo_210990,0.02564102564102564
tbkon_,0.02564102564102564
anandy_,0.02564102564102564
AnnekeTheresia,0.02564102564102564
UsagiAddict,0.02564102564102564
Saraczell,0.02564102564102564
ebambirra,0.02564102564102564
oieusoujames,0.02564102564102564
kidofseoul,0.02564102564102564
garrysugar,0.02564102564102564
LeoCapraraLC,0.02564102564102564
kubrickswhore,0.02564102564102564
Dany_hm,0.05263157894736842
ShuichiAmyMAD,0.05263157894736842
cassio_moura,0.02564102564102564
mholland1997,0.02564102564102564
sandraamueller,0.02564102564102564
Onlywanderer,0.02564102564102564
Oberyn-,0.02564102564102564
terrascura,0.02564102564102564
rainbowbaloney,0.02564102564102564
prismaanandito,0.02564102564102564
vgsmelo,0.02564102564102564
affzmalu,0.02564102564102564
girlpuke,0.02564102564102564
EgorKuznetsov,0.02564102564102564
MacarovEmilia,0.02564102564102564
Sleepy_Insomnia,0.02564102564102564
AndreaFranken,0.05263157894736842
StrongDreamer,0.02564102564102564
melbwitch,0.02564102564102564
gabixaaa,0.05263157894736842
lolittahaze,0.02564102564102564
CLRMCH,0.02564102564102564
Sjosjo1502,0.02564102564102564
